,umi,cnt,dist
0,ATTATTTAAACTA,169,0
1,ACAAACCAGTAGC,157,10
2,AAACAGTGGATAG,142,10
3,ATGCCTTGCTAAA,126,8
4,AAGCTAACCATGT,107,10
5,ACCCAACCTGAAA,103,11
6,CGAATAAAACAAC,95,9
7,CAAAGTACCATAT,93,10
8,CGAATAAAACACC,62,9
9,ATTATTTAATCTA,55,1
10,AAACCGCCAAAAT,54,10
11,TCCTTAAGAGAAC,51,11
12,ATACAGTGGATAG,45,9
13,TCCTTAAGAGACC,43,11
14,ATGCTATCCATGT,34,8
15,AAGCTATCCATGT,27,9
16,ACCCACCCTGAAA,27,11
17,ATGCCTTGCTACA,26,8
18,ATGCTAACCATGT,24,9
19,ATCCAGTGGATAG,18,9
20,ATTTTTTAATCTA,18,2
21,AACCCGCCAAAAT,16,10
22,ACCCAACCTGACA,15,11
23,AGAAACCAGTAGC,15,10
24,ATCCCGCCAAAAT,12,9
25,AGATATAAAAAAT,12,8
26,ATTTTTTAAACTA,12,1
28,ATCCAGTGGTTAG,11,10
27,CAAAGTACCATCT,11,10
29,CGAATATAACAAC,10,8
30,AGATATAAAAACT,10,8
31,ATACCGCCAAAAT,10,9
32,CTAAGTACCATAT,10,9
33,ACCCACCCTGACA,9,11
34,ATCCAGTGGATCG,9,9
38,AACCAGTGGATAG,8,10
37,ACACACCAGTAGC,8,11
35,ATCCAGTGGTTCG,8,10
36,ATGCTCTCCATGT,8,8
39,AAACAGTGGATCG,7,10
40,ATCCCGCCAAACT,6,9
41,CGATTAAAACACC,6,10
42,ATACAGTGGTTAG,6,10
45,AAACCGCCAAACT,5,10
43,ATCCCGCCATAAT,5,10
44,AAGCTACCCATGT,5,10
49,ACATACCAGTAGC,4,11
51,AAACAGTGGTTAG,4,11
50,CGAATATAACACC,4,8
47,ATGCCGTGCTACA,4,9
48,ACCAACCAGTAGC,4,10
46,CTAAGTTCCATAT,4,8
62,ACAAACGAGTAGC,3,10
61,ATGCCGTGCTAAA,3,9
56,AACCCGCCAAACT,3,10
63,ATGCTATCCTTGT,3,9
59,ATGGCTTGCTAAA,3,8
60,CAAAGTTCCATAT,3,9
53,TGCTTATGAGACC,3,10
58,ATACAGTGGATCG,3,9
57,AAGCTAACCTTGT,3,11
55,AGCCACCCTGAAA,3,11
54,TGCTTAAGAGAAC,3,11
52,AGCCAACCTGAAA,3,11
83,TCCATAAGAGAAC,2,10
78,CAAAGTACCTTAT,2,11
79,TCCTTATGAGACC,2,10
81,AGATACCAGTAGC,2,11
82,ATGGCTTGCTACA,2,8
76,TGCTTAAGAGACC,2,11
84,ATCCCGCCATACT,2,10
85,ATGCTCTCCTTGT,2,9
86,ACCCAAGCTGACA,2,11
87,CTATGTTCCTTAT,2,10
77,CAATGTACCATAT,2,11
80,AACCCGCCATACT,2,11
75,ATGGTCTCCTTGT,2,9
69,CGAATAAACCACC,2,10
74,ATGTTGTAATCTA,2,4
65,ATTATATAATCTA,2,2
66,CGATTAAAACAAC,2,10
67,CGCATAAAACACC,2,9
68,CGCTTATAACACC,2,9
64,ATACAGTGGTTCG,2,10
70,CGAATAAAAGACC,2,9
71,CTAAGTACCATCT,2,9
72,AACCCGCCATAAT,2,11
73,ATGTTTTAATCTA,2,3
190,AGCCACCCTGACA,1,11
184,AAGCTCACCATGT,1,10
185,AAGCTCTCCATGT,1,9
186,AAGCTCTCCTTGT,1,10
187,AAGGTATCCATCA,1,8
188,AAGGTCACCATGT,1,10
189,AATATTTAAACTA,1,1
192,ATTAAATAAACAA,1,3
191,AGCGACCAGTAGC,1,11
182,AAGCTAACCATCT,1,10
193,AGCTATAAAAACT,1,8
194,ATGCCCTGCTACA,1,9
195,ATGCCGCCAAAAT,1,9
196,ATGCCGCCATAAT,1,10
197,ATGCCGGCAAACT,1,9
183,AAGCTATCCATGA,1,8
181,ACAAACCACTACC,1,10
199,ATGCCTTGCTTAA,1,8
171,AACCAGTGGTTCG,1,11
164,AGCAACCAGTAGC,1,10
165,AGCCAAGCTGAAA,1,11
166,AGCCAAGCTGACA,1,11
167,AGCCACCAGTAGC,1,11
168,ACAAACCGGTAGC,1,11
169,ACAAACCAGTTGC,1,10
170,ACAAACCAGTACC,1,10
172,AAAATTAAAACTA,1,3
180,AAGCAGTGGATAG,1,10
173,AAACACTGGATAG,1,10
174,AAACAGAGGATAG,1,11
175,AAACAGTGGAACG,1,10
176,AAACAGTGGCTAG,1,11
177,AAACCGCCATACT,1,11
178,AAATACGAGTAGC,1,11
179,AACCACGCTGACA,1,11
198,AAAAATCCAAAAT,1,8
201,ATGCTACCCAAGT,1,9
200,ATGCGCTCACTGT,1,9
202,ATGCTAGCCTTGT,1,10
221,ATACCGCCATACT,1,10
222,ATACCGGCATACT,1,10
223,ATAGCGGCATACT,1,10
224,ATATACCTGTAGC,1,11
225,ATCCAATGGTTAG,1,10
226,ATCGCGGCATACT,1,10
227,ATCCAGTGGCTAG,1,10
228,ATCCCCCCAAAAT,1,9
229,ATCCCGGCAAAAT,1,9
230,ATCCCGGCAAACT,1,9
231,ATCCTAACCATGT,1,9
232,ATCCTCTCCTTGT,1,9
233,ATCGCGCCATAAT,1,10
234,ATCGCGCCATACT,1,10
162,AGATATTAATACT,1,8
220,ATACCGCCAATAT,1,9
219,ATACCGCCAAACT,1,9
218,ATACCCCCATACT,1,10
209,ATGGCGTGCTACA,1,9
203,ATGCTCCCCTTGT,1,10
204,ATGCTCTCCATGA,1,7
205,ATGCTCTCCTTCT,1,9
206,ATGGCAGCAAAAT,1,9
207,ATGGCATGCTAAA,1,9
208,ATGGCGTGCTAAA,1,9
210,ATGGCTTGCTTCA,1,8
217,AGTTACGTGTAGC,1,11
211,ATGGTAGCCATCT,1,9
212,ATGGTATGCATGT,1,8
213,ATGCCATGCTAAA,1,9
214,ATGCAGTGGATAG,1,9
215,ATGACATGCTAAA,1,8
216,ATATTCAAAGACC,1,8
163,AGATATTTATAAT,1,9
118,TCCCACGCTGACA,1,12
161,AGATATTAAAAAT,1,7
105,CAAAGTACCTTCT,1,11
107,CAACGATCAATAT,1,10
108,TCAGACGAGTAGC,1,12
109,CTCTGTACCATAT,1,10
110,CTCTGTTCCATAT,1,9
111,CTCTGTTCCTTAT,1,10
112,CTCTGTTCCTTCT,1,10
113,TAACTCTGGGAGG,1,11
114,TAGCTAACCATGT,1,11
115,TCAAACCAGTAGC,1,11
116,TCCATAAGAGACC,1,10
117,CTCGGGTCCATAT,1,10
119,TCCGTAAGAGACC,1,11
120,TGCGTAAGAGACC,1,11
121,TGCTTAAGAGACA,1,10
122,TGCTTATGAGAAC,1,10
106,CGCCTAAAACACC,1,10
104,ATTATCTAATCGA,1,3
160,AGATATAAATAAT,1,9
103,ATTATGTAAACTA,1,1
88,CAAAGTACCATAA,1,9
89,AAAAACCAGTAGC,1,10
90,ATTATTTTAACTA,1,1
91,CAAAGTACCAAAT,1,10
92,CAAAGAAAAATAT,1,9
93,ATTTTGTAAGCTA,1,3
94,ATTCAGTGGCTCG,1,9
95,ATTCAGTGGATCG,1,8
96,ATTATTTTATCTA,1,2
97,ATTATTTATACTA,1,1
98,ATTATTTAACCTA,1,1
99,ATTATTTAAACGA,1,1
100,ATTATTTAAACAA,1,1
101,ATTATTGAAACTA,1,1
102,ATTATGTAATCTA,1,2
123,TTCCCGCCAAACT,1,10
124,TTGCTATCCATGT,1,9
125,CTCGGGTCCATCT,1,10
126,CTATTATAAGACC,1,8
145,ATTATCGAAACTA,1,2
146,ATGCCTGGCTAAA,1,9
147,ATTATATAAAATA,1,2
148,AGCCCCCCTGACA,1,11
149,ACATACGAGTAGC,1,11
150,ACATCCCAGTAGC,1,11
151,ACCACCCAGTAGC,1,10
152,ACCCAAGCTGAAA,1,11
153,ACCCCCCCTGAAA,1,11
154,ACCTAACCTGAAA,1,11
155,ACCTACCAGTAGC,1,11
156,AGAAACCAGTTGC,1,10
157,AGACACGAGTAGC,1,11
158,AGAGACCAGTAGC,1,11
159,AGAGACGTGTAGC,1,12
144,CTATGTACCATAT,1,10
143,CTAGGTTCCATAT,1,9
142,CTAAGTTCCTTAT,1,9
133,CGATTATAACAAC,1,9
127,CAATGTTCCATAT,1,10
128,CGCTTATATCAAC,1,10
129,CATAGTTCCATAT,1,8
130,CCAATAAAACACC,1,9
131,CGAATAAAACAAA,1,8
132,CGAATCAAACAAC,1,9
134,CGATTATAACACC,1,9
141,CTAAGTTCCATCT,1,8
135,CGATTATAAGACC,1,9
136,CTAAAATAACAAC,1,8
137,CTATGTTCCATAT,1,9
138,CTAAGAACCAAAT,1,10
139,CTAAGTACCTTAT,1,10
140,CTAAGTTCCATAA,1,7
235,TTGGCTTGCTAAA,1,9
